{
  "results": [
    {
      "encoder": "intfloat/multilingual-e5-small",
      "lang": "sw",
      "d": 384,
      "n_corpus": 131924,
      "n_q": 482,
      "raw_ndcg10": 0.6795075081358255,
      "svd_ndcg10": 0.6147283617848245,
      "svd_vs_raw": {
        "delta": -0.06477914635100088,
        "lo": -0.08337328759461385,
        "hi": -0.04677844003814134
      },
      "shard": {
        "dpub48_kc100": {
          "ndcg10": 0.5322463235182492,
          "vs_raw": {
            "delta": -0.14726118461757623,
            "lo": -0.17701727086052937,
            "hi": -0.11946514468189284
          },
          "d_pub": 48,
          "kc": 100
        },
        "dpub48_kc200": {
          "ndcg10": 0.5712125419650277,
          "vs_raw": {
            "delta": -0.1082949661707977,
            "lo": -0.13445376177407412,
            "hi": -0.08310052826662852
          },
          "d_pub": 48,
          "kc": 200
        },
        "dpub96_kc100": {
          "ndcg10": 0.6609573321291037,
          "vs_raw": {
            "delta": -0.018550176006721708,
            "lo": -0.030980210519967955,
            "hi": -0.007480447861009714
          },
          "d_pub": 96,
          "kc": 100
        },
        "dpub96_kc200": {
          "ndcg10": 0.6731184950643535,
          "vs_raw": {
            "delta": -0.0063890130714719185,
            "lo": -0.01454838505259815,
            "hi": 0.0009768561769674243
          },
          "d_pub": 96,
          "kc": 200
        }
      }
    },
    {
      "encoder": "intfloat/multilingual-e5-base",
      "lang": "sw",
      "d": 768,
      "n_corpus": 131924,
      "n_q": 482,
      "raw_ndcg10": 0.7074142581076286,
      "svd_ndcg10": 0.6862433012878875,
      "svd_vs_raw": {
        "delta": -0.02117095681974101,
        "lo": -0.03364955046871886,
        "hi": -0.009196038188215192
      },
      "shard": {
        "dpub96_kc100": {
          "ndcg10": 0.69930021903891,
          "vs_raw": {
            "delta": -0.00811403906871846,
            "lo": -0.016308583992989067,
            "hi": -0.0011442226482946416
          },
          "d_pub": 96,
          "kc": 100
        },
        "dpub96_kc200": {
          "ndcg10": 0.7054669639235212,
          "vs_raw": {
            "delta": -0.0019472941841073464,
            "lo": -0.006072045722418793,
            "hi": 0.0015588021563197473
          },
          "d_pub": 96,
          "kc": 200
        },
        "dpub192_kc100": {
          "ndcg10": 0.7069093602728005,
          "vs_raw": {
            "delta": -0.0005048978348279558,
            "lo": -0.0033722396653692514,
            "hi": 0.0019704850830867373
          },
          "d_pub": 192,
          "kc": 100
        },
        "dpub192_kc200": {
          "ndcg10": 0.7077042590628342,
          "vs_raw": {
            "delta": 0.0002900009552057264,
            "lo": 0.0,
            "hi": 0.0008700028656171793
          },
          "d_pub": 192,
          "kc": 200
        }
      }
    },
    {
      "encoder": "intfloat/multilingual-e5-small",
      "lang": "bn",
      "d": 384,
      "n_corpus": 297265,
      "n_q": 411,
      "raw_ndcg10": 0.6882742370034259,
      "svd_ndcg10": 0.6376674699173333,
      "svd_vs_raw": {
        "delta": -0.05060676708609274,
        "lo": -0.06714507181359879,
        "hi": -0.034880253543346076
      },
      "shard": {
        "dpub48_kc100": {
          "ndcg10": 0.5503690693205731,
          "vs_raw": {
            "delta": -0.13790516768285294,
            "lo": -0.16758282037994487,
            "hi": -0.10973061021197286
          },
          "d_pub": 48,
          "kc": 100
        },
        "dpub48_kc200": {
          "ndcg10": 0.5846962819151721,
          "vs_raw": {
            "delta": -0.10357795508825383,
            "lo": -0.13076566523762562,
            "hi": -0.07745410793520985
          },
          "d_pub": 48,
          "kc": 200
        },
        "dpub96_kc100": {
          "ndcg10": 0.667779717056293,
          "vs_raw": {
            "delta": -0.02049451994713292,
            "lo": -0.03301514462579146,
            "hi": -0.009471944893253145
          },
          "d_pub": 96,
          "kc": 100
        },
        "dpub96_kc200": {
          "ndcg10": 0.6800561717422838,
          "vs_raw": {
            "delta": -0.008218065261142134,
            "lo": -0.017143959214469776,
            "hi": -0.0009706793709336882
          },
          "d_pub": 96,
          "kc": 200
        }
      }
    },
    {
      "encoder": "intfloat/multilingual-e5-base",
      "lang": "bn",
      "d": 768,
      "n_corpus": 297265,
      "n_q": 411,
      "raw_ndcg10": 0.7266159170979478,
      "svd_ndcg10": 0.6965945211530495,
      "svd_vs_raw": {
        "delta": -0.03002139594489825,
        "lo": -0.04168085250836478,
        "hi": -0.01872608957894982
      },
      "shard": {
        "dpub96_kc100": {
          "ndcg10": 0.7204847687300833,
          "vs_raw": {
            "delta": -0.006131148367864666,
            "lo": -0.013031871861010857,
            "hi": 8.636797947913332e-05
          },
          "d_pub": 96,
          "kc": 100
        },
        "dpub96_kc200": {
          "ndcg10": 0.7251263574390052,
          "vs_raw": {
            "delta": -0.0014895596589425293,
            "lo": -0.005514254813298695,
            "hi": 0.0018200133834746668
          },
          "d_pub": 96,
          "kc": 200
        },
        "dpub192_kc100": {
          "ndcg10": 0.7271505758828485,
          "vs_raw": {
            "delta": 0.0005346587849006958,
            "lo": 0.0,
            "hi": 0.0015005567103951818
          },
          "d_pub": 192,
          "kc": 100
        },
        "dpub192_kc200": {
          "ndcg10": 0.7266159170979478,
          "vs_raw": {
            "delta": 0.0,
            "lo": 0.0,
            "hi": 0.0
          },
          "d_pub": 192,
          "kc": 200
        }
      }
    }
  ]
}