{
  "n_queries": 500,
  "bootstrap": 10000,
  "operating_point": "k=d/2",
  "encoders": [
    {
      "encoder": "e5-small",
      "dim": 384,
      "k": 192,
      "sigma_rec": 0.23943054676055908,
      "raw": {
        "acc1": 0.784,
        "acc10": 0.89,
        "mrr": 0.817765873015873
      },
      "svd": {
        "acc1": 0.702,
        "acc10": 0.832,
        "mrr": 0.7460674603174603
      },
      "delta_acc1": -0.08200000000000007,
      "delta_acc10": -0.05800000000000005,
      "mcnemar_acc1": {
        "b": 46,
        "c": 5,
        "p_value": 2.3280151140170346e-09
      },
      "mcnemar_acc10": {
        "b": 35,
        "c": 6,
        "p_value": 4.873598300036974e-06
      },
      "boot_acc1": {
        "delta_mean": -0.082,
        "ci_lo": -0.108,
        "ci_hi": -0.056
      },
      "boot_acc10": {
        "delta_mean": -0.058,
        "ci_lo": -0.084,
        "ci_hi": -0.034
      },
      "boot_mrr": {
        "delta_mean": -0.07169841269841269,
        "ci_lo": -0.09272579365079364,
        "ci_hi": -0.05129152777777778
      }
    },
    {
      "encoder": "e5-base",
      "dim": 768,
      "k": 384,
      "sigma_rec": 0.1290961354970932,
      "raw": {
        "acc1": 0.83,
        "acc10": 0.934,
        "mrr": 0.8625825396825397
      },
      "svd": {
        "acc1": 0.834,
        "acc10": 0.924,
        "mrr": 0.8647134920634921
      },
      "delta_acc1": 0.0040000000000000036,
      "delta_acc10": -0.010000000000000009,
      "mcnemar_acc1": {
        "b": 14,
        "c": 16,
        "p_value": 0.8555355519056321
      },
      "mcnemar_acc10": {
        "b": 9,
        "c": 4,
        "p_value": 0.266845703125
      },
      "boot_acc1": {
        "delta_mean": 0.004,
        "ci_lo": -0.018,
        "ci_hi": 0.026
      },
      "boot_acc10": {
        "delta_mean": -0.01,
        "ci_lo": -0.024,
        "ci_hi": 0.004
      },
      "boot_mrr": {
        "delta_mean": 0.002130952380952383,
        "ci_lo": -0.012841289682539682,
        "ci_hi": 0.016853253968253965
      }
    },
    {
      "encoder": "mpnet",
      "dim": 768,
      "k": 384,
      "sigma_rec": 0.10668637603521347,
      "raw": {
        "acc1": 0.716,
        "acc10": 0.842,
        "mrr": 0.761754761904762
      },
      "svd": {
        "acc1": 0.652,
        "acc10": 0.796,
        "mrr": 0.693936507936508
      },
      "delta_acc1": -0.06399999999999995,
      "delta_acc10": -0.04599999999999993,
      "mcnemar_acc1": {
        "b": 40,
        "c": 8,
        "p_value": 3.3052667092192682e-06
      },
      "mcnemar_acc10": {
        "b": 26,
        "c": 3,
        "p_value": 1.5236437320709229e-05
      },
      "boot_acc1": {
        "delta_mean": -0.064,
        "ci_lo": -0.092,
        "ci_hi": -0.038
      },
      "boot_acc10": {
        "delta_mean": -0.046,
        "ci_lo": -0.068,
        "ci_hi": -0.026
      },
      "boot_mrr": {
        "delta_mean": -0.06781825396825397,
        "ci_lo": -0.08844537698412698,
        "ci_hi": -0.04828988095238095
      }
    },
    {
      "encoder": "e5-large",
      "dim": 1024,
      "k": 512,
      "sigma_rec": 0.1007770299911499,
      "raw": {
        "acc1": 0.798,
        "acc10": 0.88,
        "mrr": 0.825329365079365
      },
      "svd": {
        "acc1": 0.816,
        "acc10": 0.922,
        "mrr": 0.8491960317460318
      },
      "delta_acc1": 0.017999999999999905,
      "delta_acc10": 0.04200000000000004,
      "mcnemar_acc1": {
        "b": 8,
        "c": 17,
        "p_value": 0.10775214433670044
      },
      "mcnemar_acc10": {
        "b": 0,
        "c": 21,
        "p_value": 9.5367431640625e-07
      },
      "boot_acc1": {
        "delta_mean": 0.018,
        "ci_lo": -0.002,
        "ci_hi": 0.038
      },
      "boot_acc10": {
        "delta_mean": 0.042,
        "ci_lo": 0.026,
        "ci_hi": 0.06
      },
      "boot_mrr": {
        "delta_mean": 0.023866666666666668,
        "ci_lo": 0.009770575396825396,
        "ci_hi": 0.03743738095238095
      }
    },
    {
      "encoder": "bge-m3",
      "dim": 1024,
      "k": 512,
      "sigma_rec": 0.12827081978321075,
      "raw": {
        "acc1": 0.82,
        "acc10": 0.908,
        "mrr": 0.8492738095238094
      },
      "svd": {
        "acc1": 0.834,
        "acc10": 0.924,
        "mrr": 0.8639626984126982
      },
      "delta_acc1": 0.014000000000000012,
      "delta_acc10": 0.016000000000000014,
      "mcnemar_acc1": {
        "b": 4,
        "c": 11,
        "p_value": 0.11846923828124999
      },
      "mcnemar_acc10": {
        "b": 2,
        "c": 10,
        "p_value": 0.03857421875
      },
      "boot_acc1": {
        "delta_mean": 0.014,
        "ci_lo": 0.0,
        "ci_hi": 0.03
      },
      "boot_acc10": {
        "delta_mean": 0.016,
        "ci_lo": 0.004,
        "ci_hi": 0.03
      },
      "boot_mrr": {
        "delta_mean": 0.01468888888888889,
        "ci_lo": 0.004218988095238094,
        "ci_hi": 0.025809642857142857
      }
    }
  ]
}