{
  "config": {
    "k": 192,
    "seed": 20260530,
    "rotation_seeds": "11,23,31,47,53",
    "n_gallery": 10000,
    "n_test": 400,
    "n_pq": 20000,
    "n_pq_train": 12000,
    "n_pq_query": 300,
    "pq_configs": "24x8,48x8,48x6"
  },
  "sample_doc_ids_sha256_note": "IDs are deterministic from seed; raw IDs are in exp7_doc_ids.npy.",
  "procrustes_summary": [
    {
      "known_pairs": -1,
      "n_rotation_seeds": 5,
      "relative_l2_error_mean": 3.7330572126847984e-07,
      "relative_l2_error_std": 1.3691872152884503e-09,
      "mean_cosine_to_projected_mean": 1.0,
      "mean_cosine_to_projected_std": 0.0,
      "target_recall_at_1_mean": 1.0,
      "target_recall_at_1_std": 0.0,
      "target_recall_at_10_mean": 1.0,
      "target_recall_at_10_std": 0.0,
      "rotation_fro_error_per_dim_mean": 0.0,
      "rotation_fro_error_per_dim_std": 0.0
    },
    {
      "known_pairs": 0,
      "n_rotation_seeds": 5,
      "relative_l2_error_mean": 1.4171414613723754,
      "relative_l2_error_std": 0.004974484901744272,
      "mean_cosine_to_projected_mean": -0.004090721579268574,
      "mean_cosine_to_projected_std": 0.0072099099923977885,
      "target_recall_at_1_mean": 0.0,
      "target_recall_at_1_std": 0.0,
      "target_recall_at_10_mean": 0.0005,
      "target_recall_at_10_std": 0.001118033988749895,
      "rotation_fro_error_per_dim_mean": 1.4144126892089843,
      "rotation_fro_error_per_dim_std": 0.002231090299877188
    },
    {
      "known_pairs": 10,
      "n_rotation_seeds": 5,
      "relative_l2_error_mean": 1.3433928966522217,
      "relative_l2_error_std": 0.003247420816921596,
      "mean_cosine_to_projected_mean": 0.09783202707767487,
      "mean_cosine_to_projected_std": 0.004108862617041388,
      "target_recall_at_1_mean": 0.005,
      "target_recall_at_1_std": 0.005,
      "target_recall_at_10_mean": 0.0385,
      "target_recall_at_10_std": 0.007202430145443967,
      "rotation_fro_error_per_dim_mean": 1.379241704940796,
      "rotation_fro_error_per_dim_std": 0.002493501044359206
    },
    {
      "known_pairs": 50,
      "n_rotation_seeds": 5,
      "relative_l2_error_mean": 1.115644145011902,
      "relative_l2_error_std": 0.005527024476954386,
      "mean_cosine_to_projected_mean": 0.37670928835868833,
      "mean_cosine_to_projected_std": 0.00629065260313509,
      "target_recall_at_1_mean": 0.7224999999999999,
      "target_recall_at_1_std": 0.03482097069296028,
      "target_recall_at_10_mean": 0.9245000000000001,
      "target_recall_at_10_std": 0.014075688260259246,
      "rotation_fro_error_per_dim_mean": 1.2191217422485352,
      "rotation_fro_error_per_dim_std": 0.004132296212116586
    },
    {
      "known_pairs": 100,
      "n_rotation_seeds": 5,
      "relative_l2_error_mean": 0.8701443791389465,
      "relative_l2_error_std": 0.005264699405157973,
      "mean_cosine_to_projected_mean": 0.6207383751869202,
      "mean_cosine_to_projected_std": 0.004554544743801808,
      "target_recall_at_1_mean": 0.9995,
      "target_recall_at_1_std": 0.001118033988749871,
      "target_recall_at_10_mean": 1.0,
      "target_recall_at_10_std": 0.0,
      "rotation_fro_error_per_dim_mean": 0.980386209487915,
      "rotation_fro_error_per_dim_std": 0.002673996328456049
    },
    {
      "known_pairs": 192,
      "n_rotation_seeds": 5,
      "relative_l2_error_mean": 1.7571007447259035e-05,
      "relative_l2_error_std": 9.69905106140926e-06,
      "mean_cosine_to_projected_mean": 1.0,
      "mean_cosine_to_projected_std": 0.0,
      "target_recall_at_1_mean": 1.0,
      "target_recall_at_1_std": 0.0,
      "target_recall_at_10_mean": 1.0,
      "target_recall_at_10_std": 0.0,
      "rotation_fro_error_per_dim_mean": 2.105186922563007e-05,
      "rotation_fro_error_per_dim_std": 1.1655454718721128e-05
    },
    {
      "known_pairs": 250,
      "n_rotation_seeds": 5,
      "relative_l2_error_mean": 8.1584412328084e-07,
      "relative_l2_error_std": 1.1596641439022344e-08,
      "mean_cosine_to_projected_mean": 1.0,
      "mean_cosine_to_projected_std": 0.0,
      "target_recall_at_1_mean": 1.0,
      "target_recall_at_1_std": 0.0,
      "target_recall_at_10_mean": 1.0,
      "target_recall_at_10_std": 0.0,
      "rotation_fro_error_per_dim_mean": 8.260333061116398e-07,
      "rotation_fro_error_per_dim_std": 1.2462041828454424e-08
    },
    {
      "known_pairs": 500,
      "n_rotation_seeds": 5,
      "relative_l2_error_mean": 4.936723826176604e-07,
      "relative_l2_error_std": 1.3898454416966989e-09,
      "mean_cosine_to_projected_mean": 1.0,
      "mean_cosine_to_projected_std": 0.0,
      "target_recall_at_1_mean": 1.0,
      "target_recall_at_1_std": 0.0,
      "target_recall_at_10_mean": 1.0,
      "target_recall_at_10_std": 0.0,
      "rotation_fro_error_per_dim_mean": 3.4779686188812773e-07,
      "rotation_fro_error_per_dim_std": 1.578653791861254e-09
    },
    {
      "known_pairs": 1000,
      "n_rotation_seeds": 5,
      "relative_l2_error_mean": 4.5660347041120987e-07,
      "relative_l2_error_std": 1.240961006149562e-09,
      "mean_cosine_to_projected_mean": 1.0,
      "mean_cosine_to_projected_std": 0.0,
      "target_recall_at_1_mean": 1.0,
      "target_recall_at_1_std": 0.0,
      "target_recall_at_10_mean": 1.0,
      "target_recall_at_10_std": 0.0,
      "rotation_fro_error_per_dim_mean": 2.7196630298931267e-07,
      "rotation_fro_error_per_dim_std": 4.681343343407158e-10
    },
    {
      "known_pairs": 2000,
      "n_rotation_seeds": 5,
      "relative_l2_error_mean": 4.4160483980704157e-07,
      "relative_l2_error_std": 1.3380285440923424e-09,
      "mean_cosine_to_projected_mean": 1.0,
      "mean_cosine_to_projected_std": 0.0,
      "target_recall_at_1_mean": 1.0,
      "target_recall_at_1_std": 0.0,
      "target_recall_at_10_mean": 1.0,
      "target_recall_at_10_std": 0.0,
      "rotation_fro_error_per_dim_mean": 2.4171893642233044e-07,
      "rotation_fro_error_per_dim_std": 1.6692711734197195e-09
    }
  ],
  "pq_leakage": [
    {
      "pq_m": 24,
      "nbits": 8,
      "bytes_per_vector": 24.0,
      "reconstruction_relative_l2": 0.5475263595581055,
      "reconstruction_mean_cosine": 0.8372065424919128,
      "neighbor_overlap_at_10": 0.38366666666666666,
      "exact10_recall_in_approx40": 0.7016666666666667,
      "train_encode_seconds": 5.843538284301758
    },
    {
      "pq_m": 48,
      "nbits": 8,
      "bytes_per_vector": 48.0,
      "reconstruction_relative_l2": 0.3042747974395752,
      "reconstruction_mean_cosine": 0.9528095722198486,
      "neighbor_overlap_at_10": 0.6743333333333333,
      "exact10_recall_in_approx40": 0.9713333333333333,
      "train_encode_seconds": 7.996128082275391
    },
    {
      "pq_m": 48,
      "nbits": 6,
      "bytes_per_vector": 36.0,
      "reconstruction_relative_l2": 0.4279414713382721,
      "reconstruction_mean_cosine": 0.9042367339134216,
      "neighbor_overlap_at_10": 0.5289999999999999,
      "exact10_recall_in_approx40": 0.8590000000000001,
      "train_encode_seconds": 2.379239559173584
    }
  ]
}