{
  "n_queries": 500,
  "results": [
    {
      "encoder": "e5-small",
      "d": 384,
      "k": 192,
      "raw": {
        "acc1": 0.784,
        "acc10": 0.89,
        "mrr": 0.817765873015873
      },
      "svd": {
        "acc1": 0.696,
        "acc10": 0.84,
        "mrr": 0.7465436507936507
      },
      "centered_full": {
        "acc1": 0.78,
        "acc10": 0.888,
        "mrr": 0.8131039682539684
      },
      "shard": {
        "dpub48_kc40": {
          "acc1": 0.438,
          "acc10": 0.444,
          "mrr": 0.4403333333333333,
          "shortlist_recall": 0.446,
          "d_pub": 48,
          "kc": 40
        },
        "dpub48_kc100": {
          "acc1": 0.52,
          "acc10": 0.542,
          "mrr": 0.5292857142857142,
          "shortlist_recall": 0.542,
          "d_pub": 48,
          "kc": 100
        },
        "dpub48_kc200": {
          "acc1": 0.558,
          "acc10": 0.59,
          "mrr": 0.5705555555555556,
          "shortlist_recall": 0.592,
          "d_pub": 48,
          "kc": 200
        },
        "dpub96_kc40": {
          "acc1": 0.678,
          "acc10": 0.72,
          "mrr": 0.694952380952381,
          "shortlist_recall": 0.722,
          "d_pub": 96,
          "kc": 40
        },
        "dpub96_kc100": {
          "acc1": 0.722,
          "acc10": 0.776,
          "mrr": 0.7420746031746033,
          "shortlist_recall": 0.778,
          "d_pub": 96,
          "kc": 100
        },
        "dpub96_kc200": {
          "acc1": 0.734,
          "acc10": 0.798,
          "mrr": 0.7566912698412698,
          "shortlist_recall": 0.812,
          "d_pub": 96,
          "kc": 200
        },
        "dpub192_kc40": {
          "acc1": 0.778,
          "acc10": 0.87,
          "mrr": 0.8082833333333334,
          "shortlist_recall": 0.88,
          "d_pub": 192,
          "kc": 40
        },
        "dpub192_kc100": {
          "acc1": 0.778,
          "acc10": 0.88,
          "mrr": 0.8113722222222222,
          "shortlist_recall": 0.912,
          "d_pub": 192,
          "kc": 100
        },
        "dpub192_kc200": {
          "acc1": 0.778,
          "acc10": 0.888,
          "mrr": 0.8126936507936509,
          "shortlist_recall": 0.942,
          "d_pub": 192,
          "kc": 200
        }
      }
    },
    {
      "encoder": "e5-base",
      "d": 768,
      "k": 384,
      "raw": {
        "acc1": 0.83,
        "acc10": 0.934,
        "mrr": 0.8625825396825397
      },
      "svd": {
        "acc1": 0.832,
        "acc10": 0.926,
        "mrr": 0.864831746031746
      },
      "centered_full": {
        "acc1": 0.826,
        "acc10": 0.918,
        "mrr": 0.8551579365079365
      },
      "shard": {
        "dpub96_kc40": {
          "acc1": 0.786,
          "acc10": 0.83,
          "mrr": 0.8029666666666667,
          "shortlist_recall": 0.83,
          "d_pub": 96,
          "kc": 40
        },
        "dpub96_kc100": {
          "acc1": 0.808,
          "acc10": 0.87,
          "mrr": 0.8300523809523809,
          "shortlist_recall": 0.874,
          "d_pub": 96,
          "kc": 100
        },
        "dpub96_kc200": {
          "acc1": 0.814,
          "acc10": 0.886,
          "mrr": 0.8383412698412699,
          "shortlist_recall": 0.9,
          "d_pub": 96,
          "kc": 200
        },
        "dpub192_kc40": {
          "acc1": 0.826,
          "acc10": 0.91,
          "mrr": 0.8542047619047619,
          "shortlist_recall": 0.922,
          "d_pub": 192,
          "kc": 40
        },
        "dpub192_kc100": {
          "acc1": 0.824,
          "acc10": 0.918,
          "mrr": 0.8538825396825396,
          "shortlist_recall": 0.944,
          "d_pub": 192,
          "kc": 100
        },
        "dpub192_kc200": {
          "acc1": 0.826,
          "acc10": 0.918,
          "mrr": 0.8546992063492064,
          "shortlist_recall": 0.956,
          "d_pub": 192,
          "kc": 200
        },
        "dpub384_kc40": {
          "acc1": 0.824,
          "acc10": 0.92,
          "mrr": 0.8554325396825397,
          "shortlist_recall": 0.958,
          "d_pub": 384,
          "kc": 40
        },
        "dpub384_kc100": {
          "acc1": 0.826,
          "acc10": 0.92,
          "mrr": 0.8561992063492064,
          "shortlist_recall": 0.964,
          "d_pub": 384,
          "kc": 100
        },
        "dpub384_kc200": {
          "acc1": 0.822,
          "acc10": 0.916,
          "mrr": 0.8529357142857144,
          "shortlist_recall": 0.97,
          "d_pub": 384,
          "kc": 200
        }
      }
    },
    {
      "encoder": "mpnet",
      "d": 768,
      "k": 384,
      "raw": {
        "acc1": 0.716,
        "acc10": 0.842,
        "mrr": 0.761754761904762
      },
      "svd": {
        "acc1": 0.648,
        "acc10": 0.796,
        "mrr": 0.6917031746031747
      },
      "centered_full": {
        "acc1": 0.654,
        "acc10": 0.798,
        "mrr": 0.6954452380952381
      },
      "shard": {
        "dpub96_kc40": {
          "acc1": 0.65,
          "acc10": 0.772,
          "mrr": 0.6873380952380951,
          "shortlist_recall": 0.796,
          "d_pub": 96,
          "kc": 40
        },
        "dpub96_kc100": {
          "acc1": 0.65,
          "acc10": 0.79,
          "mrr": 0.6909373015873016,
          "shortlist_recall": 0.852,
          "d_pub": 96,
          "kc": 100
        },
        "dpub96_kc200": {
          "acc1": 0.65,
          "acc10": 0.794,
          "mrr": 0.6923230158730158,
          "shortlist_recall": 0.872,
          "d_pub": 96,
          "kc": 200
        },
        "dpub192_kc40": {
          "acc1": 0.654,
          "acc10": 0.796,
          "mrr": 0.6947119047619047,
          "shortlist_recall": 0.856,
          "d_pub": 192,
          "kc": 40
        },
        "dpub192_kc100": {
          "acc1": 0.654,
          "acc10": 0.798,
          "mrr": 0.6954452380952381,
          "shortlist_recall": 0.888,
          "d_pub": 192,
          "kc": 100
        },
        "dpub192_kc200": {
          "acc1": 0.654,
          "acc10": 0.796,
          "mrr": 0.6950452380952381,
          "shortlist_recall": 0.906,
          "d_pub": 192,
          "kc": 200
        },
        "dpub384_kc40": {
          "acc1": 0.654,
          "acc10": 0.798,
          "mrr": 0.6951119047619048,
          "shortlist_recall": 0.856,
          "d_pub": 384,
          "kc": 40
        },
        "dpub384_kc100": {
          "acc1": 0.654,
          "acc10": 0.796,
          "mrr": 0.6950452380952381,
          "shortlist_recall": 0.89,
          "d_pub": 384,
          "kc": 100
        },
        "dpub384_kc200": {
          "acc1": 0.652,
          "acc10": 0.798,
          "mrr": 0.6943309523809523,
          "shortlist_recall": 0.906,
          "d_pub": 384,
          "kc": 200
        }
      }
    },
    {
      "encoder": "e5-large",
      "d": 1024,
      "k": 512,
      "raw": {
        "acc1": 0.798,
        "acc10": 0.88,
        "mrr": 0.825329365079365
      },
      "svd": {
        "acc1": 0.816,
        "acc10": 0.916,
        "mrr": 0.8488349206349206
      },
      "centered_full": {
        "acc1": 0.812,
        "acc10": 0.914,
        "mrr": 0.8447865079365079
      },
      "shard": {
        "dpub128_kc40": {
          "acc1": 0.788,
          "acc10": 0.838,
          "mrr": 0.8051357142857144,
          "shortlist_recall": 0.838,
          "d_pub": 128,
          "kc": 40
        },
        "dpub128_kc100": {
          "acc1": 0.796,
          "acc10": 0.858,
          "mrr": 0.815415873015873,
          "shortlist_recall": 0.874,
          "d_pub": 128,
          "kc": 100
        },
        "dpub128_kc200": {
          "acc1": 0.798,
          "acc10": 0.882,
          "mrr": 0.8264373015873016,
          "shortlist_recall": 0.906,
          "d_pub": 128,
          "kc": 200
        },
        "dpub256_kc40": {
          "acc1": 0.816,
          "acc10": 0.914,
          "mrr": 0.8486452380952381,
          "shortlist_recall": 0.932,