{
  "encoder": "e5-small",
  "d": 384,
  "d_pub": 96,
  "kc": 200,
  "n_q": 500,
  "acc1": {
    "raw": 0.784,
    "svd": 0.696,
    "shard": 0.734
  },
  "shard_vs_svd": {
    "delta": 0.038,
    "lo": 0.014,
    "hi": 0.062,
    "n_shard_only": 28,
    "n_other_only": 9,
    "p_mcnemar_exact": 0.0025632079923525453
  },
  "shard_vs_raw": {
    "delta": -0.05,
    "lo": -0.074,
    "hi": -0.026,
    "n_shard_only": 7,
    "n_other_only": 32,
    "p_mcnemar_exact": 7.025478407740593e-05
  }
}