,metric_recall10,metric_recall10,metric_mrr,metric_mrr,metric_ndcg10,metric_ndcg10
,mean,std,mean,std,mean,std
config,,,,,,
baseline_dense,0.082,0.0,0.04101336979063611,0.0,0.04857685776365043,0.0
dp_gauss_eps1,0.0,0.0,0.0,0.0,0.0,0.0
dp_gauss_eps4,0.0,0.0,0.0,0.0,0.0,0.0
ours_full,0.03333333333333333,0.006110100926607788,0.015896740475398356,0.002111067958314978,0.01780219925054551,0.0027785594151329045
