{
  "seeds": [
    11,
    23,
    47
  ],
  "encoders": [
    {
      "encoder": "e5small",
      "dim": 384,
      "baseline_dense": {
        "acc1": 0.782,
        "acc10": 0.89,
        "mrr": 0.8166325396825397,
        "ndcg": 0.8341319115649357
      },
      "ks": [
        {
          "k": 336,
          "k_over_d": 0.875,
          "svd": {
            "acc1": 0.784,
            "acc10": 0.896,
            "mrr": 0.8196912698412698,
            "ndcg": 0.8379874227078044
          },
          "rand_gauss": {
            "mean": {
              "acc1": 0.726,
              "acc10": 0.8466666666666667,
              "mrr": 0.7667007936507936,
              "ndcg": 0.786024870336924
            },
            "std": {
              "acc1": 0.008640987597877155,
              "acc10": 0.015520595635763768,
              "mrr": 0.010050158304812528,
              "ndcg": 0.01119657309182061
            },
            "n_seeds": 3
          },
          "rand_orth": {
            "mean": {
              "acc1": 0.77,
              "acc10": 0.88,
              "mrr": 0.8068460317460318,
              "ndcg": 0.8244552598947378
            },
            "std": {
              "acc1": 0.0032659863237109073,
              "acc10": 0.0016329931618554536,
              "mrr": 0.00099622450125851,
              "ndcg": 0.0008818231940933576
            },
            "n_seeds": 3
          }
        },
        {
          "k": 192,
          "k_over_d": 0.5,
          "svd": {
            "acc1": 0.702,
            "acc10": 0.834,
            "mrr": 0.7466007936507936,
            "ndcg": 0.7677619258267515
          },
          "rand_gauss": {
            "mean": {
              "acc1": 0.6880000000000001,
              "acc10": 0.8079999999999999,
              "mrr": 0.7282788359788359,
              "ndcg": 0.747492275126595
            },
            "std": {
              "acc1": 0.015577761927397196,
              "acc10": 0.014696938456699036,
              "mrr": 0.014683194813545587,
              "ndcg": 0.014148829772946469
            },
            "n_seeds": 3
          },
          "rand_orth": {
            "mean": {
              "acc1": 0.7366666666666667,
              "acc10": 0.8586666666666667,
              "mrr": 0.7780306878306877,
              "ndcg": 0.7975283830381716
            },
            "std": {
              "acc1": 0.010370899457402705,
              "acc10": 0.008055363982396388,
              "mrr": 0.009468645581769278,
              "ndcg": 0.008765478706316393
            },
            "n_seeds": 3
          }
        }
      ]
    },
    {
      "encoder": "e5base",
      "dim": 768,
      "baseline_dense": {
        "acc1": 0.83,
        "acc10": 0.934,
        "mrr": 0.8624492063492064,
        "ndcg": 0.8795714119264137
      },
      "ks": [
        {
          "k": 672,
          "k_over_d": 0.875,
          "svd": {
            "acc1": 0.824,
            "acc10": 0.918,
            "mrr": 0.8542357142857143,
            "ndcg": 0.8695201430883067
          },
          "rand_gauss": {
            "mean": {
              "acc1": 0.794,
              "acc10": 0.8973333333333334,
              "mrr": 0.8299841269841269,
              "ndcg": 0.8463360206061569
            },
            "std": {
              "acc1": 0.012754084313139338,
              "acc10": 0.007363574011458181,
              "mrr": 0.012163412470300007,
              "ndcg": 0.011017939296580619
            },
            "n_seeds": 3
          },
          "rand_orth": {
            "mean": {
              "acc1": 0.8273333333333333,
              "acc10": 0.9273333333333333,
              "mrr": 0.8585349206349205,
              "ndcg": 0.8750412650707076
            },
            "std": {
              "acc1": 0.0024944382578492965,
              "acc10": 0.0009428090415820641,
              "mrr": 0.0020724691785025087,
              "ndcg": 0.0015183024844992868
            },
            "n_seeds": 3
          }
        },
        {
          "k": 384,
          "k_over_d": 0.5,
          "svd": {
            "acc1": 0.834,
            "acc10": 0.924,
            "mrr": 0.8647134920634921,
            "ndcg": 0.879087008443092
          },
          "rand_gauss": {
            "mean": {
              "acc1": 0.7806666666666667,
              "acc10": 0.8826666666666667,
              "mrr": 0.8147497354497354,
              "ndcg": 0.8311365779435643
            },
            "std": {
              "acc1": 0.010873004286866737,
              "acc10": 0.014636332266733446,
              "mrr": 0.009261706638009503,
              "ndcg": 0.010084738863536684
            },
            "n_seeds": 3
          },
          "rand_orth": {
            "mean": {
              "acc1": 0.8039999999999999,
              "acc10": 0.9026666666666667,
              "mrr": 0.8361251322751323,
              "ndcg": 0.8521221062748753
            },
            "std": {
              "acc1": 0.0169705627484771,
              "acc10": 0.004988876515698593,
              "mrr": 0.011338417825819744,
              "ndcg": 0.008297481058809359
            },
            "n_seeds": 3
          }
        }
      ]
    },
    {
      "encoder": "mpnet",
      "dim": 768,
      "baseline_dense": {
        "acc1": 0.716,
        "acc10": 0.842,
        "mrr": 0.7619547619047619,
        "ndcg": 0.7815505537919049
      },
      "ks": [
        {
          "k": 672,
          "k_over_d": 0.875,
          "svd": {
            "acc1": 0.652,
            "acc10": 0.798,
            "mrr": 0.694292857142857,
            "ndcg": 0.7188412871219616
          },
          "rand_gauss": {
            "mean": {
              "acc1": 0.7046666666666667,
              "acc10": 0.8386666666666667,
              "mrr": 0.750202380952381,
              "ndcg": 0.7716028385727381
            },
            "std": {
              "acc1": 0.0024944382578492965,
              "acc10": 0.0018856180831641283,
              "mrr": 0.002218994348809189,
              "ndcg": 0.002133839919804742
            },
            "n_seeds": 3
          },
          "rand_orth": {
            "mean": {
              "acc1": 0.7133333333333333,
              "acc10": 0.844,
              "mrr": 0.7609325396825396,
              "ndcg": 0.7812277576067198
            },
            "std": {
              "acc1": 0.0018856180831641283,
              "acc10": 0.0016329931618554536,
              "mrr": 0.0012306170847745746,
              "ndcg": 0.0008338361414295362
            },
            "n_seeds": 3
          }
        },
        {
          "k": 384,
          "k_over_d": 0.5,
          "svd": {
            "acc1": 0.65,
            "acc10": 0.796,
            "mrr": 0.692636507936508,
            "ndcg": 0.7170876191498208
          },
          "rand_gauss": {
            "mean": {
              "acc1": 0.698,
              "acc10": 0.8293333333333334,
              "mrr": 0.7440383597883597,
              "ndcg": 0.7647758970951156
            },
            "std": {
              "acc1": 0.002828427124746193,
              "acc10": 0.003399346342395193,
              "mrr": 0.0012718661655276157,
              "ndcg": 0.00029434997040775297
            },
            "n_seeds": 3
          },
          "rand_orth": {
            "mean": {
              "acc1": 0.7046666666666667,
              "acc10": 0.8373333333333334,
              "mrr": 0.751415873015873,
              "ndcg": 0.7723030498932264
            },
            "std": {
              "acc1": 0.007717224601860157,
              "acc10": 0.007363574011458181,
              "mrr": 0.004491077116077139,
              "ndcg": 0.003335434345912591
            },
            "n_seeds": 3
          }
        }
      ]
    },
    {
      "encoder": "e5large",
      "dim": 1024,
      "baseline_dense": {
        "acc1": 0.796,
        "acc10": 0.88,
        "mrr": 0.8242436507936508,