{
  "ckks_params": {
    "N": 8192,
    "coeff": [
      60,
      40,
      60
    ],
    "scale_bits": 40
  },
  "common_params": {
    "k_cands": 40,
    "pq_nbits": 8,
    "rerank_top": 12
  },
  "encoders": [
    {
      "encoder": "e5small",
      "dim": 384,
      "k": 336,
      "pq_m": 84,
      "sigma_rec": 0.08014724403619766,
      "baseline_dense": {
        "acc1": 0.782,
        "acc10": 0.89,
        "mrr": 0.8166325396825397,
        "ndcg10": 0.8341319115649357
      },
      "baseline_proj": {
        "acc1": 0.784,
        "acc10": 0.896,
        "mrr": 0.8196912698412698,
        "ndcg10": 0.8379874227078044
      },
      "per_seed": [
        {
          "acc1": 0.782,
          "acc10": 0.896,
          "mrr": 0.8188380952380953,
          "ndcg10": 0.8373941710456799,
          "timing_p50_ms": {
            "encrypt_ms": 2.9952526092529297,
            "rerank_ms": 413.13302516937256,
            "decrypt_ms": 0.0,
            "stage1_ms": 19.426345825195312,
            "total_server_ms": 413.15221786499023
          },
          "timing_p95_ms": {
            "encrypt_ms": 3.2893896102905273,
            "rerank_ms": 443.15075874328613,
            "decrypt_ms": 0.0,
            "stage1_ms": 21.748185157775875,
            "total_server_ms": 443.15075874328613
          },
          "timing_p99_ms": {
            "encrypt_ms": 4.0013718605041495,
            "rerank_ms": 459.01446104049677,
            "decrypt_ms": 0.0,
            "stage1_ms": 25.38160800933838,
            "total_server_ms": 459.01446104049677
          },
          "k_cands": 40
        },
        {
          "acc1": 0.784,
          "acc10": 0.896,
          "mrr": 0.8198380952380953,
          "ndcg10": 0.8381323115385372,
          "timing_p50_ms": {
            "encrypt_ms": 2.99835205078125,
            "rerank_ms": 415.01760482788086,
            "decrypt_ms": 0.0,
            "stage1_ms": 19.51777935028076,
            "total_server_ms": 415.09759426116943
          },
          "timing_p95_ms": {
            "encrypt_ms": 3.354620933532713,
            "rerank_ms": 464.35612440109253,
            "decrypt_ms": 0.0,
            "stage1_ms": 22.987663745880127,
            "total_server_ms": 464.35612440109253
          },
          "timing_p99_ms": {
            "encrypt_ms": 4.010748863220211,
            "rerank_ms": 489.834942817688,
            "decrypt_ms": 0.0,
            "stage1_ms": 29.070057868957516,
            "total_server_ms": 489.834942817688
          },
          "k_cands": 40
        },
        {
          "acc1": 0.784,
          "acc10": 0.896,
          "mrr": 0.8198380952380953,
          "ndcg10": 0.8381323115385372,
          "timing_p50_ms": {
            "encrypt_ms": 2.9985904693603516,
            "rerank_ms": 412.92333602905273,
            "decrypt_ms": 0.0,
            "stage1_ms": 19.500374794006348,
            "total_server_ms": 412.92333602905273
          },
          "timing_p95_ms": {
            "encrypt_ms": 3.119957447052001,
            "rerank_ms": 472.09852933883667,
            "decrypt_ms": 0.0,
            "stage1_ms": 22.6263403892517,
            "total_server_ms": 472.09852933883667
          },
          "timing_p99_ms": {
            "encrypt_ms": 4.3045496940612775,
            "rerank_ms": 517.893316745758,
            "decrypt_ms": 0.0,
            "stage1_ms": 28.101615905761694,
            "total_server_ms": 517.893316745758
          },
          "k_cands": 40
        },
        {
          "acc1": 0.784,
          "acc10": 0.896,
          "mrr": 0.8198380952380953,
          "ndcg10": 0.8381323115385372,
          "timing_p50_ms": {
            "encrypt_ms": 2.9993057250976562,
            "rerank_ms": 416.4365530014038,
            "decrypt_ms": 0.0,
            "stage1_ms": 19.99509334564209,
            "total_server_ms": 416.4365530014038
          },
          "timing_p95_ms": {
            "encrypt_ms": 4.999172687530518,
            "rerank_ms": 868.5325384140014,
            "decrypt_ms": 0.0,
            "stage1_ms": 59.0529441833496,
            "total_server_ms": 868.5325384140014
          },
          "timing_p99_ms": {
            "encrypt_ms": 6.084816455841064,
            "rerank_ms": 919.1290545463562,
            "decrypt_ms": 0.0,
            "stage1_ms": 69.85467910766602,
            "total_server_ms": 919.1290545463562
          },
          "k_cands": 40
        },
        {
          "acc1": 0.782,
          "acc10": 0.896,
          "mrr": 0.8188380952380953,
          "ndcg10": 0.8373941710456799,
          "timing_p50_ms": {
            "encrypt_ms": 2.9976367950439453,
            "rerank_ms": 408.6151123046875,
            "decrypt_ms": 0.0,
            "stage1_ms": 19.137263298034668,
            "total_server_ms": 408.64741802215576
          },
          "timing_p95_ms": {
            "encrypt_ms": 3.0808568000793457,
            "rerank_ms": 488.34582567214966,
            "decrypt_ms": 0.0,
            "stage1_ms": 24.512135982513424,
            "total_server_ms": 488.34582567214966
          },
          "timing_p99_ms": {
            "encrypt_ms": 4.997272491455078,
            "rerank_ms": 519.1812372207642,
            "decrypt_ms": 0.0,
            "stage1_ms": 31.017377376556382,
            "total_server_ms": 519.1812372207642
          },
          "k_cands": 40
        }
      ],
      "aggregate": {
        "acc1": {
          "mean": 0.7832000000000001,
          "std": 0.0010954451150103333,
          "ci_half": 0.0013599567051932216
        },
        "acc10": {
          "mean": 0.8960000000000001,
          "std": 1.2412670766236366e-16,
          "ci_half": 1.5409895581797172e-16
        },
        "mrr": {
          "mean": 0.8194380952380953,
          "std": 0.0005477225575051667,
          "ci_half": 0.0006799783525966108
        },
        "ndcg10": {
          "mean": 0.8378370553413943,
          "std": 0.00040429619854589853,
          "ci_half": 0.0005019195563179249
        },
        "server_p50_ms": {
          "mean": 413.2514238357544,
          "std": 2.9524458507625186
        },
        "server_p95_ms": {
          "mean": 547.2967553138733,
          "std": 180.3108083957112
        },
        "rerank_p50_ms": {
          "mean": 413.2251262664795
        },
        "stage1_p50_ms": {
          "mean": 19.515371322631836
        }
      }
    },
    {
      "encoder": "e5base",
      "dim": 768,
      "k": 672,
      "pq_m": 96,
      "sigma_rec": 0.023377802222967148,
      "baseline_dense": {
        "acc1": 0.83,
        "acc10": 0.934,
        "mrr": 0.8624492063492064,
        "ndcg10": 0.8795714119264137
      },
      "baseline_proj": {
        "acc1": 0.824,
        "acc10": 0.918,
        "mrr": 0.8542357142857143,
        "ndcg10": 0.8695201430883067
      },
      "per_seed": [
        {
          "acc1": 0.826,
          "acc10": 0.918,
          "mrr": 0.8560912698412697,
          "ndcg10": 0.8709972345205277,
          "timing_p50_ms": {
            "encrypt_ms": 2.9993057250976562,
            "rerank_ms": 474.7253656387329,
            "decrypt_ms": 0.0,
            "stage1_ms": 23.077726364135742,
            "total_server_ms": 474.7813940048218
          },
          "timing_p95_ms": {
            "encrypt_ms": 3.9928674697875977,
            "rerank_ms": 564.5566940307617,
            "decrypt_ms": 0.0,
            "stage1_ms": 29.99725341796875,
            "total_server_ms": 564.5566940307617
          },
          "timing_p99_ms": {
            "encrypt_ms": 4.021930694580069,
            "rerank_ms": 609.5402789115905,
            "decrypt_ms": 0.0,
            "stage1_ms": 34.997010231018066,
            "total_server_ms": 609.5402789115905
          },
          "k_cands": 40
        },
        {
          "acc1": 0.826,
          "acc10": 0.918,
          "mrr": 0.8560912698412697,
          "ndcg10": 0.8709972345205277,