{
  "architecture": "v2 (PQ-based stage-1 + CKKS rerank)",
  "ckks_params": {
    "N": 8192,
    "coeff": [
      60,
      40,
      60
    ],
    "scale_bits": 40
  },
  "v2_params": {
    "pq_m": 84,
    "pq_nbits": 8,
    "k_cands": 40,
    "proj_k": 336,
    "rerank_k_final": 12
  },
  "sigma_rec": 0.08014724403619766,
  "seeds": [
    11,
    23,
    47,
    31,
    53
  ],
  "per_seed": [
    {
      "acc1": 0.782,
      "acc10": 0.896,
      "mrr": 0.8188380952380953,
      "ndcg10": 0.8373941710456799,
      "timing_p50_ms": {
        "encrypt_ms": 2.9952526092529297,
        "rerank_ms": 409.42585468292236,
        "decrypt_ms": 0.0,
        "stage1_ms": 19.077301025390625,
        "total_server_ms": 409.45184230804443
      },
      "timing_p95_ms": {
        "encrypt_ms": 3.020226955413818,
        "rerank_ms": 421.5747237205505,
        "decrypt_ms": 0.0,
        "stage1_ms": 21.233487129211422,
        "total_server_ms": 422.1821904182434
      },
      "timing_p99_ms": {
        "encrypt_ms": 3.995182514190674,
        "rerank_ms": 435.50052404403687,
        "decrypt_ms": 0.0,
        "stage1_ms": 24.929351806640625,
        "total_server_ms": 435.50052404403687
      },
      "k_cands": 40
    },
    {
      "acc1": 0.784,
      "acc10": 0.896,
      "mrr": 0.8198380952380953,
      "ndcg10": 0.8381323115385372,
      "timing_p50_ms": {
        "encrypt_ms": 2.997756004333496,
        "rerank_ms": 408.20860862731934,
        "decrypt_ms": 0.0,
        "stage1_ms": 19.00637149810791,
        "total_server_ms": 408.31291675567627
      },
      "timing_p95_ms": {
        "encrypt_ms": 3.0152201652526855,
        "rerank_ms": 418.76444816589355,
        "decrypt_ms": 0.0,
        "stage1_ms": 21.43961191177368,
        "total_server_ms": 418.76444816589355
      },
      "timing_p99_ms": {
        "encrypt_ms": 3.1712245941162034,
        "rerank_ms": 426.15247249603266,
        "decrypt_ms": 0.0,
        "stage1_ms": 24.412534236907916,
        "total_server_ms": 426.15247249603266
      },
      "k_cands": 40
    },
    {
      "acc1": 0.784,
      "acc10": 0.896,
      "mrr": 0.8198380952380953,
      "ndcg10": 0.8381323115385372,
      "timing_p50_ms": {
        "encrypt_ms": 2.9963254928588867,
        "rerank_ms": 409.574031829834,
        "decrypt_ms": 0.0,
        "stage1_ms": 19.02914047241211,
        "total_server_ms": 409.5940589904785
      },
      "timing_p95_ms": {
        "encrypt_ms": 3.0763983726501465,
        "rerank_ms": 423.37869405746454,
        "decrypt_ms": 0.0,
        "stage1_ms": 21.085262298583984,
        "total_server_ms": 423.37869405746454
      },
      "timing_p99_ms": {
        "encrypt_ms": 3.9997100830078125,
        "rerank_ms": 455.2718782424925,
        "decrypt_ms": 0.0,
        "stage1_ms": 22.94584035873413,
        "total_server_ms": 455.2718782424925
      },
      "k_cands": 40
    },
    {
      "acc1": 0.784,
      "acc10": 0.896,
      "mrr": 0.8198380952380953,
      "ndcg10": 0.8381323115385372,
      "timing_p50_ms": {
        "encrypt_ms": 2.994060516357422,
        "rerank_ms": 408.99622440338135,
        "decrypt_ms": 0.0,
        "stage1_ms": 19.019126892089844,
        "total_server_ms": 409.0108871459961
      },
      "timing_p95_ms": {
        "encrypt_ms": 3.077828884124756,
        "rerank_ms": 419.8527455329895,
        "decrypt_ms": 0.0,
        "stage1_ms": 21.078157424926758,
        "total_server_ms": 419.8527455329895
      },
      "timing_p99_ms": {
        "encrypt_ms": 4.000427722930908,
        "rerank_ms": 425.595064163208,
        "decrypt_ms": 0.0,
        "stage1_ms": 22.624685764312744,
        "total_server_ms": 425.595064163208
      },
      "k_cands": 40
    },
    {
      "acc1": 0.782,
      "acc10": 0.896,
      "mrr": 0.8188380952380953,
      "ndcg10": 0.8373941710456799,
      "timing_p50_ms": {
        "encrypt_ms": 2.996683120727539,
        "rerank_ms": 408.6041450500488,
        "decrypt_ms": 0.0,
        "stage1_ms": 19.00625228881836,
        "total_server_ms": 408.6041450500488
      },
      "timing_p95_ms": {
        "encrypt_ms": 3.13645601272583,
        "rerank_ms": 425.63244104385376,
        "decrypt_ms": 0.0,
        "stage1_ms": 21.094238758087155,
        "total_server_ms": 425.63244104385376
      },
      "timing_p99_ms": {
        "encrypt_ms": 3.999300003051758,
        "rerank_ms": 442.45889663696283,
        "decrypt_ms": 0.0,
        "stage1_ms": 24.758045673370358,
        "total_server_ms": 442.45889663696283
      },
      "k_cands": 40
    }
  ],
  "aggregate": {
    "acc1": {
      "mean": 0.7832000000000001,
      "std": 0.0010954451150103333,
      "t95_half": 0.0013599567051932216
    },
    "acc10": {
      "mean": 0.8960000000000001,
      "std": 1.2412670766236366e-16,
      "t95_half": 1.5409895581797172e-16
    },
    "mrr": {
      "mean": 0.8194380952380953,
      "std": 0.0005477225575051667,
      "t95_half": 0.0006799783525966108
    },
    "ndcg10": {
      "mean": 0.8378370553413943,
      "std": 0.00040429619854589853,
      "t95_half": 0.0005019195563179249
    },
    "server_p95_ms": {
      "mean": 421.96210384368896,
      "std": 2.7477688864618646
    }
  }
}