{
  "experiment": "exp24_partial_alignment",
  "encoder": "e5-small",
  "n_pool": 100000,
  "embedding_dimension": 384,
  "d_pub": 96,
  "d_priv": 288,
  "cells": [
    1,
    16,
    64,
    256
  ],
  "m_grid": [
    32,
    64,
    128,
    256,
    512,
    1024,
    2048,
    4096,
    8192,
    16384,
    32768,
    65536,
    90000
  ],
  "seeds": [
    11,
    23,
    31
  ],
  "gallery_size": 10000,
  "n_target": 256,
  "selection_seed": 20260712,
  "key_seed": 240024,
  "cell_seed": 0,
  "kmeans_iters": 15,
  "kmeans_train": 100000,
  "ridge_relative_alpha_grid": [
    0.0,
    1e-08,
    1e-06,
    0.0001,
    0.01,
    1.0,
    100.0
  ],
  "ridge_cv": "within-cell deterministic 80/20 split; refit on all anchors",
  "rank_rtol": 1e-06,
  "bootstrap": "hierarchical seed-then-target percentile bootstrap",
  "bootstrap_reps": 500,
  "bootstrap_seed": 240025,
  "methods": [
    "no_attack",
    "procrustes_partial",
    "ols_pinv",
    "ridge_alpha0",
    "ridge_cv",
    "polar_ols",
    "oracle_true_residual"
  ],
  "retrieval_metric": "cosine against native residual gallery",
  "uncovered_cell_fallback": "stored keyed residual (no fitted map)",
  "pca_eigenvalues": [
    0.011285414238680153,
    0.00694471501929367,
    0.005004284957228879,
    0.004582481360618759,
    0.004387783432161777,
    0.0037962360554799376,
    0.0035536435724400567,
    0.003219952962223165,
    0.0030049483522592555,
    0.0029306553457724197,
    0.00264284424672385,
    0.002521342114614931,
    0.0024560937839698963,
    0.002246117574291153,
    0.0021176938692743863,
    0.0020497349896952607,
    0.0019859366597220433,
    0.0019587084797339175,
    0.0018897058237908812,
    0.0017861155081620756,
    0.001751765041802166,
    0.0016960024373055833,
    0.001621777159412758,
    0.0015972788759605239,
    0.0015452129870211348,
    0.0015079193263259484,
    0.0014403186714212791,
    0.0014045059195030522,
    0.0013477750157881738,
    0.0013286841194113262,
    0.0012956306896763927,
    0.0012730973912448657,
    0.001251713200673073,
    0.0012026474713182336,
    0.001163103906782897,
    0.0011516236365059261,
    0.001146456044012098,
    0.0011203915378602712,
    0.0011181227986482173,
    0.0010936787864666568,
    0.0010813940227203573,
    0.0010778710641581215,
    0.0010574742468907326,
    0.0010425835693020058,
    0.0010238718910756384,
    0.0010150379932799753,
    0.0009936865479145479,
    0.0009754611460014958,
    0.0009636885233149539,
    0.00096226268407234,
    0.0009517980862287667,
    0.0009475115003835964,
    0.0009365926756409835,
    0.0009321608382078728,
    0.0009135870865152314,
    0.0009091171234084575,
    0.0008941433844536235,
    0.0008858470968783803,
    0.0008826113235091912,
    0.0008748462667626748,
    0.0008653744297965742,
    0.0008553885717284308,
    0.0008501980057257977,
    0.0008487638629423531,
    0.000839825662374787,
    0.000829604449215328,
    0.0008274601828741653,
    0.0008197016438032617,
    0.000815764816831087,
    0.0008086848139449553,
    0.0008015042862990654,
    0.0007993425080966842,
    0.0007925181657391612,
    0.0007813469545189236,
    0.0007785587896731278,
    0.0007732448413099809,
    0.0007708265311297115,
    0.0007699552510349428,
    0.0007599164070676831,
    0.0007567258017367698,
    0.0007530866635032832,
    0.0007505082011138257,
    0.00074596256116704,
    0.0007423668145207686,
    0.0007380092134995766,
    0.0007307817612658124,
    0.0007275708281360337,
    0.000723958205155678,
    0.0007236449591171815,
    0.0007102669805608817,
    0.0007088351109190137,
    0.0007071266070425522,
    0.0007009478047476413,
    0.0006953250206259163,
    0.0006947729630691204,
    0.0006910954760633838,
    0.0006858253889599696,
    0.0006829806727947353,
    0.0006818972408930375,
    0.0006735864097451533,
    0.0006726023053298947,
    0.0006694002358174718,
    0.0006680701050297303,
    0.0006632511369793437,
    0.000661916517145918,
    0.0006581192718529104,
    0.0006549538977811764,
    0.0006513964273476981,
    0.0006506371713030865,
    0.0006421705517760907,
    0.0006409225961040633,
    0.000639420611688253,
    0.0006352997349217843,
    0.0006343301759030892,
    0.0006308169403700931,
    0.0006277288821573511,
    0.000626248224943489,
    0.0006223491958934387,
    0.0006220872198592226,
    0.0006201108753463838,
    0.0006158940756876333,
    0.0006123506828800587,
    0.0006122486339389558,
    0.0006063831201201794,
    0.0006040297281864053,
    0.0006028256233303314,
    0.0005996362518845062,
    0.0005983100048464375,
    0.0005925520518245519,
    0.0005923002684909574,
    0.0005902085364664377,
    0.0005873606809310712,
    0.0005827788475467672,
    0.0005802184692400392,
    0.0005794697924951832,
    0.0005760800115279906,
    0.0005740349043420786,
    0.0005721454198686919,
    0.0005680370246426974,
    0.0005644726809682114,
    0.0005630037354603951,
    0.0005619675583681226,
    0.0005590125899097074,
    0.0005557874321562759,
    0.0005528580247607271,
    0.000549168446009319,
    0.0005465063219021334,
    0.0005431565284953922,
    0.0005430377987075413,
    0.0005400090138332709,
    0.0005394624303830718,
    0.0005371093413422737,
    0.0005351920124324709,
    0.0005345335939990004,
    0.0005327534015515766,
    0.0005299741592096964,
    0.0005269753571408851,
    0.0005260244385072707,
    0.0005214241374604966,
    0.0005188521983400363,
    0.0005185575041425615,
    0.0005169156428006512,
    0.0005147510605625243,
    0.0005120935219977062,
    0.0005114477870498993,
    0.0005095664249670885,
    0.0005087782483580153,
    0.0005060227028701215,
    0.0005046370049210451,
    0.0005007608521194908,
    0.0004993622617851663,
    0.0004981376311121796,
    0.000496453388323819,
    0.0004935025502381639,
    0.000491998534987074,
    0.0004910652314723238,
    0.0004889132129643455,
    0.0004865901114578915,
    0.0004836665717668808,
    0.00048183094468543414,
    0.00048075679126553887,
    0.0004783448446815256,
    0.0004772919037125293,
    0.00047539392877174176,
    0.00047382393803441084,
    0.0004716751524950653,
    0.0004697749849646806,
    0.0004692077437480064,
    0.000466441514817616,
    0.00046388413570043957,
    0.00046290492845606646,
    0.0004605673675324531,
    0.0004566895873419914,
    0.0004558765083309415,
    0.0004542102762746454,
    0.000453764643605343,
    0.0004515704242960835,
    0.00044423278332286585,
    0.0004437443391545858,
    0.00044278369884977756,
    0.00044168109194860083,
    0.00044044004358099103,
    0.0004394867068801276,
    0.0004371321110754145,
    0.0004362149589992559,
    0.00043405528757194193,
    0.0004315773197183195,
    0.00043081677274093986,
    0.0004302486387816743,
    0.00042916402340088816,
    0.00042732783549265555,
    0.0004264385461906584,
    0.00042468294538630696,
    0.00042412930272369076,
    0.00042154057348311303,
    0.00041972347203329645,
    0.00041539044431737843,
    0.00041486398520515033,
    0.00041460101421274736,
    0.0004140594216032246,
    0.000412071002662546,
    0.00041068118093763806,
    0.0004089430019468271,
    0.0004071356092858363,
    0.00040349411214034753,
    0.00040247770573077285,
    0.0004013319961437091,
    0.00039954211494818776,
    0.0003983316097775139,
    0.00039690553118551644,
    0.0003939610998421493,
    0.0003929331257020951,
    0.00039146430135909377,
    0.000389622080001518,
    0.00038560868429654923,
    0.00038462539992162846,
    0.0003842734367027162,
    0.0003818495414366271,
    0.0003811347684612171,
    0.00037981502969856217,
    0.00037760624426274496,
    0.0003749137090843759,
    0.0003737874119597852,
    0.00037285809007947524,
    0.00037063741285991503,
    0.0003683312203126387,
    0.0003677982296112051,
    0.00036500791846094064,
    0.000363340822853694,
    0.0003626083861242613,
    0.00036151541712149785,
