{
  "ct-pt": {
    "n": 50,
    "mean_ms": 13277.750639999285,
    "std_ms": 364.67386827392056,
    "median_ms": 13312.66295001842,
    "ci95_lo_ms": 13173.35976071807,
    "ci95_hi_ms": 13378.845551579376
  },
  "ct-ct": {
    "n": 50,
    "mean_ms": 19153.966008001007,
    "std_ms": 527.8509774279285,
    "median_ms": 19123.69169993326,
    "ci95_lo_ms": 19016.5975578567,
    "ci95_hi_ms": 19305.3397747993
  },
  "speedup_ratio_ctct_to_ctpt": {
    "point_estimate": 1.4425610577667873,
    "ci95_lo": 1.427850596369986,
    "ci95_hi": 1.45746292634687
  }
}