{
  "encoders": [
    "intfloat/multilingual-e5-base",
    "intfloat/multilingual-e5-small",
    "intfloat/multilingual-e5-large"
  ],
  "datasets": [
    "scifact",
    "nfcorpus"
  ],
  "results": [
    {
      "encoder": "intfloat/multilingual-e5-base",
      "dataset": "scifact",
      "d": 768,
      "k": 384,
      "n_queries": 300,
      "n_docs": 5183,
      "sigma_rec": 0.09040289372205734,
      "raw": {
        "ndcg10": 0.6370362842054732,
        "recall10": 0.7670000000000001,
        "acc1": 0.5133333333333333
      },
      "svd": {
        "ndcg10": 0.5859533881729116,
        "recall10": 0.732111111111111,
        "acc1": 0.47
      },
      "boot_ndcg10": {
        "delta": -0.051082896032561616,
        "ci_lo": -0.07191738885839183,
        "ci_hi": -0.03167628525238771
      },
      "boot_recall10": {
        "delta": -0.034888888888888886,
        "ci_lo": -0.062222222222222213,
        "ci_hi": -0.008499999999999999
      },
      "mcnemar_acc1": {
        "b": 19,
        "c": 6,
        "p_value": 0.01463329792022705
      }
    },
    {
      "encoder": "intfloat/multilingual-e5-base",
      "dataset": "nfcorpus",
      "d": 768,
      "k": 384,
      "n_queries": 323,
      "n_docs": 3633,
      "sigma_rec": 0.08493824303150177,
      "raw": {
        "ndcg10": 0.3268519109169606,
        "recall10": 0.1585764389648086,
        "acc1": 0.44891640866873067
      },
      "svd": {
        "ndcg10": 0.3045365348577977,
        "recall10": 0.14262376306661514,
        "acc1": 0.43034055727554177
      },
      "boot_ndcg10": {
        "delta": -0.022315376059162846,
        "ci_lo": -0.03233241268752671,
        "ci_hi": -0.012598959028472368
      },
      "boot_recall10": {
        "delta": -0.015952675898193464,
        "ci_lo": -0.02464471680128725,
        "ci_hi": -0.008042193065716513
      },
      "mcnemar_acc1": {
        "b": 20,
        "c": 14,
        "p_value": 0.39152830513194203
      }
    },
    {
      "encoder": "intfloat/multilingual-e5-small",
      "dataset": "scifact",
      "d": 384,
      "k": 192,
      "n_queries": 300,
      "n_docs": 5183,
      "sigma_rec": 0.18337313830852509,
      "raw": {
        "ndcg10": 0.5982147684515763,
        "recall10": 0.7339444444444445,
        "acc1": 0.4866666666666667
      },
      "svd": {
        "ndcg10": 0.5192783795962228,
        "recall10": 0.6541111111111111,
        "acc1": 0.4166666666666667
      },
      "boot_ndcg10": {
        "delta": -0.07893638885535345,
        "ci_lo": -0.10318445973442661,
        "ci_hi": -0.05478078162942767
      },
      "boot_recall10": {
        "delta": -0.07983333333333333,
        "ci_lo": -0.11483333333333334,
        "ci_hi": -0.04666666666666667
      },
      "mcnemar_acc1": {
        "b": 28,
        "c": 7,
        "p_value": 0.0005082604475319386
      }
    },
    {
      "encoder": "intfloat/multilingual-e5-small",
      "dataset": "nfcorpus",
      "d": 384,
      "k": 192,
      "n_queries": 323,
      "n_docs": 3633,
      "sigma_rec": 0.17177510261535645,
      "raw": {
        "ndcg10": 0.3020025327539179,
        "recall10": 0.14647137012742903,
        "acc1": 0.4117647058823529
      },
      "svd": {
        "ndcg10": 0.2774956433965584,
        "recall10": 0.13027974944583473,
        "acc1": 0.37770897832817335
      },
      "boot_ndcg10": {
        "delta": -0.02450688935735948,
        "ci_lo": -0.03546478750892601,
        "ci_hi": -0.013989791272767161
      },
      "boot_recall10": {
        "delta": -0.01619162068159429,
        "ci_lo": -0.027086929148076293,
        "ci_hi": -0.007084860637390263
      },
      "mcnemar_acc1": {
        "b": 26,
        "c": 15,
        "p_value": 0.11727520595741225
      }
    },
    {
      "encoder": "intfloat/multilingual-e5-large",
      "dataset": "scifact",
      "d": 1024,
      "k": 512,
      "n_queries": 300,
      "n_docs": 5183,
      "sigma_rec": 0.07232626527547836,
      "raw": {
        "ndcg10": 0.6430651193540909,
        "recall10": 0.7820555555555556,
        "acc1": 0.5266666666666666
      },
      "svd": {
        "ndcg10": 0.5744534081308608,
        "recall10": 0.7288888888888889,
        "acc1": 0.4533333333333333
      },
      "boot_ndcg10": {
        "delta": -0.06861171122323033,
        "ci_lo": -0.09123141045987315,
        "ci_hi": -0.046614183334560175
      },
      "boot_recall10": {
        "delta": -0.05316666666666667,
        "ci_lo": -0.08566666666666665,
        "ci_hi": -0.02272222222222222
      },
      "mcnemar_acc1": {
        "b": 27,
        "c": 5,
        "p_value": 0.00011307420209050179
      }
    }
  ]
}