feature,importance
projection_dim,0.4122104531170633
total_coeff_bits,0.31359498636263017
num_coeff_moduli,0.211557405062708
poly_modulus_degree,0.06263715545759853
