{
  "results": [
    {
      "encoder": "intfloat/multilingual-e5-base",
      "dataset": "scifact",
      "d": 768,
      "n_q": 300,
      "raw_ndcg10": 0.6370362842054732,
      "svd_ndcg10": 0.5852460071777423,
      "svd_vs_raw": {
        "delta": -0.05179027702773081,
        "lo": -0.07268121014381299,
        "hi": -0.03201387421731847
      },
      "shard": {
        "dpub96_kc100": {
          "ndcg10": 0.6264160904961685,
          "vs_raw": {
            "delta": -0.0106201937093046,
            "lo": -0.023437555197494853,
            "hi": -6.912054884522281e-05
          },
          "d_pub": 96,
          "kc": 100
        },
        "dpub96_kc200": {
          "ndcg10": 0.6300211851951277,
          "vs_raw": {
            "delta": -0.007015099010345388,
            "lo": -0.017009002766052033,
            "hi": 0.00043643251190485845
          },
          "d_pub": 96,
          "kc": 200
        },
        "dpub192_kc100": {
          "ndcg10": 0.6348140619832509,
          "vs_raw": {
            "delta": -0.0022222222222222227,
            "lo": -0.01,
            "hi": 0.002890648263178879
          },
          "d_pub": 192,
          "kc": 100
        },
        "dpub192_kc200": {
          "ndcg10": 0.6380878337947589,
          "vs_raw": {
            "delta": 0.0010515495892857625,
            "lo": 0.0,
            "hi": 0.0030666485996311515
          },
          "d_pub": 192,
          "kc": 200
        }
      }
    },
    {
      "encoder": "intfloat/multilingual-e5-base",
      "dataset": "nfcorpus",
      "d": 768,
      "n_q": 323,
      "raw_ndcg10": 0.3268519109169606,
      "svd_ndcg10": 0.30436045785542926,
      "svd_vs_raw": {
        "delta": -0.022491453061531323,
        "lo": -0.03256263098391944,
        "hi": -0.012852379656269109
      },
      "shard": {
        "dpub96_kc100": {
          "ndcg10": 0.321489811154972,
          "vs_raw": {
            "delta": -0.005362099761988575,
            "lo": -0.010615384726845584,
            "hi": -0.0005395584115136425
          },
          "d_pub": 96,
          "kc": 100
        },
        "dpub96_kc200": {
          "ndcg10": 0.3222313352734348,
          "vs_raw": {
            "delta": -0.004620575643525793,
            "lo": -0.008379764828875827,
            "hi": -0.001414908999901721
          },
          "d_pub": 96,
          "kc": 200
        },
        "dpub192_kc100": {
          "ndcg10": 0.326767305420133,
          "vs_raw": {
            "delta": -8.460549682756655e-05,
            "lo": -0.0013530550318556001,
            "hi": 0.0011167244821878447
          },
          "d_pub": 192,
          "kc": 100
        },
        "dpub192_kc200": {
          "ndcg10": 0.32620696387611586,
          "vs_raw": {
            "delta": -0.0006449470408446639,
            "lo": -0.0016747101848223114,
            "hi": 0.00026415470176027105
          },
          "d_pub": 192,
          "kc": 200
        }
      }
    },
    {
      "encoder": "intfloat/multilingual-e5-small",
      "dataset": "scifact",
      "d": 384,
      "n_q": 300,
      "raw_ndcg10": 0.5982147684515763,
      "svd_ndcg10": 0.5221890383036324,
      "svd_vs_raw": {
        "delta": -0.07602573014794389,
        "lo": -0.09982526147268111,
        "hi": -0.052817046696236145
      },
      "shard": {
        "dpub48_kc100": {
          "ndcg10": 0.5324545289306086,
          "vs_raw": {
            "delta": -0.06576023952096767,
            "lo": -0.09333819558315312,
            "hi": -0.040568594806537746
          },
          "d_pub": 48,
          "kc": 100
        },
        "dpub48_kc200": {
          "ndcg10": 0.5734762235232231,
          "vs_raw": {
            "delta": -0.024738544928353166,
            "lo": -0.0424199671115919,
            "hi": -0.009174536725689911
          },
          "d_pub": 48,
          "kc": 200
        },
        "dpub96_kc100": {
          "ndcg10": 0.5830100299961088,
          "vs_raw": {
            "delta": -0.015204738455467362,
            "lo": -0.03056868777406602,
            "hi": -0.0021589183331638608
          },
          "d_pub": 96,
          "kc": 100
        },
        "dpub96_kc200": {
          "ndcg10": 0.5897329401384135,
          "vs_raw": {
            "delta": -0.008481828313162828,
            "lo": -0.02006221822943553,
            "hi": 0.000651922272825052
          },
          "d_pub": 96,
          "kc": 200
        }
      }
    },
    {
      "encoder": "intfloat/multilingual-e5-small",
      "dataset": "nfcorpus",
      "d": 384,
      "n_q": 323,
      "raw_ndcg10": 0.3020025327539179,
      "svd_ndcg10": 0.2808714047853694,
      "svd_vs_raw": {
        "delta": -0.02113112796854841,
        "lo": -0.03146931620595041,
        "hi": -0.010990309691110686
      },
      "shard": {
        "dpub48_kc100": {
          "ndcg10": 0.27244662748013737,
          "vs_raw": {
            "delta": -0.029555905273780474,
            "lo": -0.04145426892698617,
            "hi": -0.019256276237940448
          },
          "d_pub": 48,
          "kc": 100
        },
        "dpub48_kc200": {
          "ndcg10": 0.2843110616863782,
          "vs_raw": {
            "delta": -0.017691471067539655,
            "lo": -0.025539610353118587,
            "hi": -0.010673238059307989
          },
          "d_pub": 48,
          "kc": 200
        },
        "dpub96_kc100": {
          "ndcg10": 0.2959868493935471,
          "vs_raw": {
            "delta": -0.0060156833603708295,
            "lo": -0.011310486491707778,
            "hi": -0.0015892423232420666
          },
          "d_pub": 96,
          "kc": 100
        },
        "dpub96_kc200": {
          "ndcg10": 0.30033453821937056,
          "vs_raw": {
            "delta": -0.0016679945345472685,
            "lo": -0.004161735194823122,
            "hi": 0.0004322033213802015
          },
          "d_pub": 96,
          "kc": 200
        }
      }
    }
  ]
}