{
  "config": {
    "encoder": "multilingual-e5-small",
    "n_docs": 1000000,
    "n_queries_per_pass": 500,
    "n_passes": 1,
    "proj_k": 336,
    "k_cands": 40,
    "ckks_N": 8192,
    "ckks_coeff": [
      60,
      40,
      60
    ],
    "ckks_scale": 40,
    "transport": "HTTP/JSON loopback (127.0.0.1)",
    "rotation_seed": 11
  },
  "quality": {
    "acc1": 0.782,
    "acc10": 0.896,
    "mrr": 0.8187269841269841,
    "ndcg10": 0.8372850191280425,
    "note": "deterministic on fixed R; CI from 5-seed run reported in section 4.4 multi-encoder table"
  },
  "latency_pct_pooled": {
    "total_ms": {
      "p50": 518.5180499993294,
      "p95": 578.2021400007579,
      "p99": 596.9002189990351,
      "mean": 524.4009724000643
    },
    "project_ms": {
      "p50": 0.06489999941550195,
      "p95": 0.08767000108491622,
      "p99": 0.12722700008453092,
      "mean": 0.06898679993173573
    },
    "client_pq_ms": {
      "p50": 19.626549998065457,
      "p95": 22.80622000143921,
      "p99": 30.77209599952766,
      "mean": 20.129267199947208
    },
    "encrypt_ms": {
      "p50": 3.93899999835412,
      "p95": 4.907810001532198,
      "p99": 6.616019000102824,
      "mean": 4.097119400074007
    },
    "network_ms": {
      "p50": 476.4612999988458,
      "p95": 531.3086850019316,
      "p99": 553.3616189984241,
      "mean": 481.4735906000278
    },
    "server_ckks_ms": {
      "p50": 436.0431500008417,
      "p95": 492.8939849998642,
      "p99": 517.5425010027539,
      "mean": 443.77589700005774
    },
    "decrypt_ms": {
      "p50": 18.115249999027583,
      "p95": 20.663889998104416,
      "p99": 29.37551999952118,
      "mean": 18.629183199933323
    }
  },
  "per_pass": [
    {
      "acc1": 0.782,
      "acc10": 0.896,
      "mrr": 0.8187269841269841,
      "ndcg10": 0.8372850191280425,
      "timings_pct": {
        "total_ms": {
          "p50": 518.5180499993294,
          "p95": 578.2021400007579,
          "p99": 596.9002189990351,
          "mean": 524.4009724000643
        },
        "project_ms": {
          "p50": 0.06489999941550195,
          "p95": 0.08767000108491622,
          "p99": 0.12722700008453092,
          "mean": 0.06898679993173573
        },
        "client_pq_ms": {
          "p50": 19.626549998065457,
          "p95": 22.80622000143921,
          "p99": 30.77209599952766,
          "mean": 20.129267199947208
        },
        "encrypt_ms": {
          "p50": 3.93899999835412,
          "p95": 4.907810001532198,
          "p99": 6.616019000102824,
          "mean": 4.097119400074007
        },
        "network_ms": {
          "p50": 476.4612999988458,
          "p95": 531.3086850019316,
          "p99": 553.3616189984241,
          "mean": 481.4735906000278
        },
        "server_ckks_ms": {
          "p50": 436.0431500008417,
          "p95": 492.8939849998642,
          "p99": 517.5425010027539,
          "mean": 443.77589700005774
        },
        "decrypt_ms": {
          "p50": 18.115249999027583,
          "p95": 20.663889998104416,
          "p99": 29.37551999952118,
          "mean": 18.629183199933323
        }
      }
    }
  ]
}