{
  "acc1": {
    "mean": 0.005,
    "std": 0.001,
    "min": 0.004,
    "max": 0.006
  },
  "acc10": {
    "mean": 0.025,
    "std": 0.004999999999999999,
    "min": 0.02,
    "max": 0.03
  },
  "mrr": {
    "mean": 0.013859657480749944,
    "std": 0.00023150814213426015,
    "min": 0.013628149338615685,
    "max": 0.014091165622884205
  },
  "p50_ms": {
    "mean": 252.85738940536976,
    "std": 6.077729790005833,
    "min": 246.77965961536393,
    "max": 258.9351191953756
  },
  "p95_ms": {
    "mean": 283.37875940441154,
    "std": 6.687244844390109,
    "min": 276.6915145600214,
    "max": 290.0660042488016
  },
  "p99_ms": {
    "mean": 290.69565437338315,
    "std": 3.6569207923021168,
    "min": 287.03873358108103,
    "max": 294.35257516568527
  },
  "pearson_mean": {
    "mean": 0.3375263015069543,
    "std": 0.00013365071890367175,
    "min": 0.33739265078805064,
    "max": 0.337659952225858
  },
  "kendall_tau_mean": {
    "mean": 0.19901027667815155,
    "std": 0.0003916679329429573,
    "min": 0.1986186087452086,
    "max": 0.1994019446110945
  },
  "sigma_rec_db_mean": {
    "mean": 0.047817919597616096,
    "std": 6.938893903907228e-18,
    "min": 0.04781791959761609,
    "max": 0.0478179195976161
  },
  "sigma_rec_q_mean": {
    "mean": 0.07208833306258478,
    "std": 0.0,
    "min": 0.07208833306258478,
    "max": 0.07208833306258478
  }
}