{
  "runs": [
    {
      "seed": 101,
      "acc1": 0.006,
      "acc1_lo": 0.0,
      "acc1_hi": 0.014,
      "acc10": 0.02,
      "acc10_lo": 0.01,
      "acc10_hi": 0.032,
      "mrr": 0.014091165622884205,
      "mrr_lo": 0.008216766283572171,
      "mrr_hi": 0.02246854042862478,
      "p50_ms": 246.77965961536393,
      "p50_lo": 243.44081579265185,
      "p50_hi": 249.5918134934036,
      "p95_ms": 276.6915145600214,
      "p95_lo": 273.174409723375,
      "p95_hi": 279.66810946026817,
      "p99_ms": 287.03873358108103,
      "p99_lo": 282.90659063635394,
      "p99_hi": 287.42800078960136,
      "pearson_mean": 0.33739265078805064,
      "kendall_tau_mean": 0.1986186087452086,
      "sigma_rec_db_mean": 0.04781791959761609,
      "sigma_rec_db_p95": 0.06260018195515671,
      "sigma_rec_q_mean": 0.07208833306258478,
      "sigma_rec_q_p95": 0.16612804129003533,
      "faiss_per_query_ms": 2.1210095998831093
    },
    {
      "seed": 202,
      "acc1": 0.004,
      "acc1_lo": 0.0,
      "acc1_hi": 0.01,
      "acc10": 0.03,
      "acc10_lo": 0.014950000000000003,
      "acc10_hi": 0.04504999999999995,
      "mrr": 0.013628149338615685,
      "mrr_lo": 0.008120401471839428,
      "mrr_hi": 0.02084628953915803,
      "p50_ms": 258.9351191953756,
      "p50_lo": 256.2023691670038,
      "p50_hi": 261.42502673726995,
      "p95_ms": 290.0660042488016,
      "p95_lo": 288.1984210581868,
      "p95_hi": 291.55436920234933,
      "p99_ms": 294.35257516568527,
      "p99_lo": 292.6835880688159,
      "p99_hi": 295.6146092386916,
      "pearson_mean": 0.337659952225858,
      "kendall_tau_mean": 0.1994019446110945,
      "sigma_rec_db_mean": 0.0478179195976161,
      "sigma_rec_db_p95": 0.06260018195515671,
      "sigma_rec_q_mean": 0.07208833306258478,
      "sigma_rec_q_p95": 0.1661280412900353,
      "faiss_per_query_ms": 2.1093692001886666
    }
  ]
}