{
  "parameters": {
    "k": 192,
    "seed": 20260531,
    "rotation_seeds": "11,23,31,47,53",
    "n_anchors": 1200,
    "n_targets": 500,
    "n_ref_decoys": 100000,
    "known_pairs": "0,10,25,50,100,192,500,1000",
    "chunk": 128
  },
  "summary": [
    {
      "known_pairs": 0,
      "n_seeds": 5,
      "overlap_recall_at_1_mean": 0.0,
      "overlap_recall_at_1_std": 0.0,
      "overlap_recall_at_10_mean": 0.0,
      "overlap_recall_at_10_std": 0.0,
      "overlap_top1_token_jaccard_mean": 0.005943911429874213,
      "overlap_top1_token_jaccard_std": 0.00029269839265394455,
      "disjoint_top1_token_jaccard_mean": 0.0059456640071938,
      "disjoint_top1_token_jaccard_std": 0.0002873546932951054,
      "mean_cosine_to_projected_mean": -0.004770640493370592,
      "mean_cosine_to_projected_std": 0.004653572951963942,
      "relative_l2_error_mean": 1.4176519870758058,
      "relative_l2_error_std": 0.003233459971696668
    },
    {
      "known_pairs": 10,
      "n_seeds": 5,
      "overlap_recall_at_1_mean": 0.0,
      "overlap_recall_at_1_std": 0.0,
      "overlap_recall_at_10_mean": 0.0092,
      "overlap_recall_at_10_std": 0.0038987177379235854,
      "overlap_top1_token_jaccard_mean": 0.008925998879456488,
      "overlap_top1_token_jaccard_std": 0.0008155755021843946,
      "disjoint_top1_token_jaccard_mean": 0.008931221344224877,
      "disjoint_top1_token_jaccard_std": 0.0007975146462921718,
      "mean_cosine_to_projected_mean": 0.10402036607265472,
      "mean_cosine_to_projected_std": 0.0034366050566410587,
      "relative_l2_error_mean": 1.3382799625396729,
      "relative_l2_error_std": 0.0026640051408157767
    },
    {
      "known_pairs": 25,
      "n_seeds": 5,
      "overlap_recall_at_1_mean": 0.04360000000000001,
      "overlap_recall_at_1_std": 0.012521980673998822,
      "overlap_recall_at_10_mean": 0.132,
      "overlap_recall_at_10_std": 0.018055470085267793,
      "overlap_top1_token_jaccard_mean": 0.05502280086860305,
      "overlap_top1_token_jaccard_std": 0.012571257698067129,
      "disjoint_top1_token_jaccard_mean": 0.012109912178434126,
      "disjoint_top1_token_jaccard_std": 0.0009357475048219958,
      "mean_cosine_to_projected_mean": 0.22109245955944062,
      "mean_cosine_to_projected_std": 0.0048186469432659465,
      "relative_l2_error_mean": 1.2476667642593384,
      "relative_l2_error_std": 0.003935339198637107
    },
    {
      "known_pairs": 50,
      "n_seeds": 5,
      "overlap_recall_at_1_mean": 0.5348,
      "overlap_recall_at_1_std": 0.026290682760247958,
      "overlap_recall_at_10_mean": 0.7844,
      "overlap_recall_at_10_std": 0.018942016788082494,
      "overlap_top1_token_jaccard_mean": 0.5429470459381328,
      "overlap_top1_token_jaccard_std": 0.025830067683533502,
      "disjoint_top1_token_jaccard_mean": 0.017960633666416252,
      "disjoint_top1_token_jaccard_std": 0.0002766762522429352,
      "mean_cosine_to_projected_mean": 0.3750862956047058,
      "mean_cosine_to_projected_std": 0.002181770472312397,
      "relative_l2_error_mean": 1.1174536228179932,
      "relative_l2_error_std": 0.0017607008848747993
    },
    {
      "known_pairs": 100,
      "n_seeds": 5,
      "overlap_recall_at_1_mean": 0.9984,
      "overlap_recall_at_1_std": 0.0008944271909999166,
      "overlap_recall_at_10_mean": 1.0,
      "overlap_recall_at_10_std": 0.0,
      "overlap_top1_token_jaccard_mean": 0.9993410874917084,
      "overlap_top1_token_jaccard_std": 0.0005389359894499809,
      "disjoint_top1_token_jaccard_mean": 0.03365530109876716,
      "disjoint_top1_token_jaccard_std": 0.001128106720160643,
      "mean_cosine_to_projected_mean": 0.6283656120300293,
      "mean_cosine_to_projected_std": 0.0033225408980174023,
      "relative_l2_error_mean": 0.861450457572937,
      "relative_l2_error_std": 0.0036276962314596493
    },
    {
      "known_pairs": 192,
      "n_seeds": 5,
      "overlap_recall_at_1_mean": 1.0,
      "overlap_recall_at_1_std": 0.0,
      "overlap_recall_at_10_mean": 1.0,
      "overlap_recall_at_10_std": 0.0,
      "overlap_top1_token_jaccard_mean": 1.0,
      "overlap_top1_token_jaccard_std": 0.0,
      "disjoint_top1_token_jaccard_mean": 0.04261975341943936,
      "disjoint_top1_token_jaccard_std": 0.0,
      "mean_cosine_to_projected_mean": 1.0,
      "mean_cosine_to_projected_std": 0.0,
      "relative_l2_error_mean": 1.5344066741818097e-05,
      "relative_l2_error_std": 6.295530606344384e-06
    },
    {
      "known_pairs": 500,
      "n_seeds": 5,
      "overlap_recall_at_1_mean": 1.0,
      "overlap_recall_at_1_std": 0.0,
      "overlap_recall_at_10_mean": 1.0,
      "overlap_recall_at_10_std": 0.0,
      "overlap_top1_token_jaccard_mean": 1.0,
      "overlap_top1_token_jaccard_std": 0.0,
      "disjoint_top1_token_jaccard_mean": 0.04261975341943936,
      "disjoint_top1_token_jaccard_std": 0.0,
      "mean_cosine_to_projected_mean": 1.0,
      "mean_cosine_to_projected_std": 0.0,
      "relative_l2_error_mean": 4.844441946261213e-07,
      "relative_l2_error_std": 2.553457331832312e-09
    },
    {
      "known_pairs": 1000,
      "n_seeds": 5,
      "overlap_recall_at_1_mean": 1.0,
      "overlap_recall_at_1_std": 0.0,
      "overlap_recall_at_10_mean": 1.0,
      "overlap_recall_at_10_std": 0.0,
      "overlap_top1_token_jaccard_mean": 1.0,
      "overlap_top1_token_jaccard_std": 0.0,
      "disjoint_top1_token_jaccard_mean": 0.04261975341943936,
      "disjoint_top1_token_jaccard_std": 0.0,
      "mean_cosine_to_projected_mean": 1.0,
      "mean_cosine_to_projected_std": 0.0,
      "relative_l2_error_mean": 4.4495868678495754e-07,
      "relative_l2_error_std": 1.7377927703465529e-09
    }
  ]
}